{
  "mcpServers": {
    "firebase": {
      "command": "cmd",
      "args": [
        "/c", 
        "npx", 
        "-y", 
        "firebase-tools", 
        "mcp", 
        "--dir", 
        "."
      ]
    },
    "playwright": {
      "command": "cmd",
      "args": [
        "/c",
        "npx",
        "@playwright/mcp@latest"
      ]
    },
    "github": {
      "command": "cmd",
      "args": [
        "/c",
        "npx",
        "-y",
        "@modelcontextprotocol/server-github"
      ],
      "env": {
        "GITHUB_PERSONAL_ACCESS_TOKEN": "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"
      }
    },
    "gcloud": {
      "command": "cmd",
      "args": ["/c", "npx", "-y", "@google-cloud/gcloud-mcp"]
    },
    "filesystem": {
      "command": "cmd",
      "args": [
        "/c",
        "npx",
        "-y",
        "@modelcontextprotocol/server-filesystem",
        "C:\\Users\\236149\\Desktop\\ai_fitness_app"
      ]
    },
    "mcp-server-commands": {
      "command": "cmd",
      "args": [
        "/c",
        "npx",
        "-y",
        "mcp-server-commands"
      ],
      "env": {
        "ALLOWED_COMMANDS": "flutter,firebase,gcloud,dart,npm,git"
      }
    },
    "context7": {
      "type": "stdio",
      "command": "cmd",
      "args": [
        "/c",
        "npx",
        "-y",
        "@upstash/context7-mcp",
        "--api-key",
        "ctx7sk-92e44f05-613c-4698-a1ab-49bc5fa005c0"
      ],
      "env": {
      }
    },
    "serena": {
      "command": "cmd",
      "args": [
        "/c",
        "uvx",
        "--from",
        "git+https://github.com/oraios/serena",
        "serena",
        "start-mcp-server",
        "--context",
        "ide-assistant"
      ]
    },
    "claude-context": {
      "command": "cmd",
      "args": [
        "/c",
        "npx",
        "-y",
        "@zilliz/claude-context-mcp@latest"
      ],
      "env": {
        "OPENAI_API_KEY": "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",
        "MILVUS_TOKEN": "6d2312c552daae5494eafb0d1397a9d7dd6d96609535a72d693355a56adfa4f14d012a230ed5bef8bdaeec766db8d54611f490a8"
      }
    }
  }
}
